/*
SQLyog Community v13.2.0 (64 bit)
MySQL - 10.4.28-MariaDB : Database - smart
*********************************************************************
*/

/*!40101 SET NAMES utf8 */;

/*!40101 SET SQL_MODE=''*/;

/*!40014 SET @OLD_UNIQUE_CHECKS=@@UNIQUE_CHECKS, UNIQUE_CHECKS=0 */;
/*!40101 SET @OLD_SQL_MODE=@@SQL_MODE, SQL_MODE='NO_AUTO_VALUE_ON_ZERO' */;
/*!40111 SET @OLD_SQL_NOTES=@@SQL_NOTES, SQL_NOTES=0 */;
CREATE DATABASE /*!32312 IF NOT EXISTS*/`smart` /*!40100 DEFAULT CHARACTER SET utf8mb4 COLLATE utf8mb4_general_ci */;

USE `smart`;

/*Table structure for table `cars` */

DROP TABLE IF EXISTS `cars`;

CREATE TABLE `cars` (
  `id` bigint(20) unsigned NOT NULL AUTO_INCREMENT,
  `image_url` varchar(255) DEFAULT NULL,
  `code` varchar(255) NOT NULL,
  `name` varchar(255) NOT NULL,
  `price` int(11) NOT NULL,
  `color` varchar(255) NOT NULL,
  `available_seat` int(11) NOT NULL,
  `capacity_machine` int(11) NOT NULL,
  `created_at` timestamp NULL DEFAULT NULL,
  `updated_at` timestamp NULL DEFAULT NULL,
  PRIMARY KEY (`id`)
) ENGINE=InnoDB AUTO_INCREMENT=12 DEFAULT CHARSET=utf8mb4 COLLATE=utf8mb4_unicode_ci;

/*Data for the table `cars` */

insert  into `cars`(`id`,`image_url`,`code`,`name`,`price`,`color`,`available_seat`,`capacity_machine`,`created_at`,`updated_at`) values 
(1,'Brio Satya.png','P1','Brio Satya',187600000,'Kuningg',5,1199,NULL,'2024-07-29 11:22:50'),
(2,'HR-V.png','P2','HR-V',383900000,'Platinum White Pearl',5,1498,NULL,NULL),
(3,'BR-V.png','P3','BR-V',285000000,'Putih',8,1198,NULL,NULL),
(4,'civic.png','P4','Civic',606400000,'Putih',4,1500,NULL,NULL),
(5,'WR-V.png','P5','WR-V',274900000,'Merah',5,1498,NULL,NULL),
(6,'city.png','P6','City',352500000,'Putih',5,1498,NULL,NULL),
(7,'CR-V.png','P7','CR-V',749100000,'Canyon River Blue Metallic',5,1993,NULL,NULL),
(8,'mobilio.png','P8','Mobilio',239600000,'Putih',8,1496,NULL,NULL),
(9,'accord.png','P9','Accord',959900000,'Platinum White Pearl',5,1993,NULL,NULL),
(10,'brio.png','P10','Brio RS',243100000,'Kuning',5,1200,NULL,NULL);

/*Table structure for table `criterias` */

DROP TABLE IF EXISTS `criterias`;

CREATE TABLE `criterias` (
  `id` bigint(20) unsigned NOT NULL AUTO_INCREMENT,
  `code` varchar(255) NOT NULL,
  `name` varchar(255) NOT NULL,
  `slug` varchar(255) NOT NULL,
  `bobot` varchar(255) NOT NULL,
  `normalisasi` decimal(5,2) NOT NULL,
  `type` enum('benefit','cost') NOT NULL,
  `created_at` timestamp NULL DEFAULT NULL,
  `updated_at` timestamp NULL DEFAULT NULL,
  PRIMARY KEY (`id`)
) ENGINE=InnoDB AUTO_INCREMENT=7 DEFAULT CHARSET=utf8mb4 COLLATE=utf8mb4_unicode_ci;

/*Data for the table `criterias` */

insert  into `criterias`(`id`,`code`,`name`,`slug`,`bobot`,`normalisasi`,`type`,`created_at`,`updated_at`) values 
(1,'C1','Price','price','20%',0.20,'cost','2024-07-07 09:57:51','2024-07-07 09:57:51'),
(2,'C2','Available Seat','available_seat','30%',0.30,'benefit','2024-07-07 09:57:51','2024-07-07 09:57:51'),
(4,'C4','Kapasitas Mesin','capacity_machine','35%',0.35,'benefit','2024-07-07 09:57:51','2024-08-17 09:56:33'),
(6,'C3','Color','color','15%',0.15,'benefit','2024-08-17 17:11:55',NULL);

/*Table structure for table `histories` */

DROP TABLE IF EXISTS `histories`;

CREATE TABLE `histories` (
  `id` bigint(20) unsigned NOT NULL AUTO_INCREMENT,
  `user_id` bigint(20) unsigned NOT NULL,
  `created_at` timestamp NULL DEFAULT NULL,
  `updated_at` timestamp NULL DEFAULT NULL,
  PRIMARY KEY (`id`),
  KEY `histories_user_id_foreign` (`user_id`),
  CONSTRAINT `histories_user_id_foreign` FOREIGN KEY (`user_id`) REFERENCES `users` (`id`) ON DELETE CASCADE ON UPDATE CASCADE
) ENGINE=InnoDB AUTO_INCREMENT=55 DEFAULT CHARSET=utf8mb4 COLLATE=utf8mb4_unicode_ci;

/*Data for the table `histories` */

insert  into `histories`(`id`,`user_id`,`created_at`,`updated_at`) values 
(1,2,'2024-07-07 10:10:33','2024-07-07 10:10:33'),
(2,2,'2024-07-07 10:22:14','2024-07-07 10:22:14'),
(3,2,'2024-07-08 07:33:36','2024-07-08 07:33:36'),
(4,2,'2024-07-08 15:31:08','2024-07-08 15:31:08'),
(5,2,'2024-07-08 15:31:31','2024-07-08 15:31:31'),
(6,2,'2024-07-09 01:59:44','2024-07-09 01:59:44'),
(7,2,'2024-07-10 08:50:45','2024-07-10 08:50:45'),
(8,2,'2024-07-10 08:51:15','2024-07-10 08:51:15'),
(9,4,'2024-07-12 01:01:11','2024-07-12 01:01:11'),
(10,4,'2024-07-12 07:32:33','2024-07-12 07:32:33'),
(11,4,'2024-07-12 07:33:08','2024-07-12 07:33:08'),
(12,4,'2024-07-17 13:20:16','2024-07-17 13:20:16'),
(13,4,'2024-07-17 13:21:34','2024-07-17 13:21:34'),
(14,4,'2024-07-17 13:22:44','2024-07-17 13:22:44'),
(15,4,'2024-07-17 13:23:11','2024-07-17 13:23:11'),
(16,4,'2024-07-17 13:26:37','2024-07-17 13:26:37'),
(17,4,'2024-07-17 13:26:58','2024-07-17 13:26:58'),
(18,4,'2024-07-19 02:57:59','2024-07-19 02:57:59'),
(19,5,'2024-07-24 03:06:33','2024-07-24 03:06:33'),
(20,5,'2024-07-29 11:21:32','2024-07-29 11:21:32'),
(21,5,'2024-08-07 04:52:20','2024-08-07 04:52:20'),
(22,5,'2024-08-07 04:52:31','2024-08-07 04:52:31'),
(23,5,'2024-08-07 04:52:44','2024-08-07 04:52:44'),
(24,5,'2024-08-07 04:53:00','2024-08-07 04:53:00'),
(25,5,'2024-08-07 11:28:31','2024-08-07 11:28:31'),
(26,2,'2024-08-17 10:38:07','2024-08-17 10:38:07'),
(27,2,'2024-08-17 10:38:48','2024-08-17 10:38:48'),
(28,2,'2024-08-17 10:38:53','2024-08-17 10:38:53'),
(29,2,'2024-08-17 10:38:57','2024-08-17 10:38:57'),
(30,2,'2024-08-17 10:39:44','2024-08-17 10:39:44'),
(31,2,'2024-08-17 10:39:52','2024-08-17 10:39:52'),
(32,2,'2024-08-17 10:40:14','2024-08-17 10:40:14'),
(33,2,'2024-08-17 10:42:13','2024-08-17 10:42:13'),
(34,2,'2024-08-17 10:42:23','2024-08-17 10:42:23'),
(35,2,'2024-08-17 11:07:47','2024-08-17 11:07:47'),
(36,2,'2024-08-17 11:08:16','2024-08-17 11:08:16'),
(37,2,'2024-08-17 11:08:26','2024-08-17 11:08:26'),
(38,2,'2024-08-17 11:10:12','2024-08-17 11:10:12'),
(39,2,'2024-08-17 11:12:12','2024-08-17 11:12:12'),
(40,2,'2024-08-17 11:12:21','2024-08-17 11:12:21'),
(41,2,'2024-08-17 11:13:37','2024-08-17 11:13:37'),
(42,2,'2024-08-17 11:13:46','2024-08-17 11:13:46'),
(43,2,'2024-08-17 11:13:56','2024-08-17 11:13:56'),
(44,2,'2024-08-17 11:14:19','2024-08-17 11:14:19'),
(45,2,'2024-08-17 11:16:54','2024-08-17 11:16:54'),
(46,2,'2024-08-17 11:17:15','2024-08-17 11:17:15'),
(47,2,'2024-08-17 11:17:40','2024-08-17 11:17:40'),
(48,2,'2024-08-17 11:17:50','2024-08-17 11:17:50'),
(49,2,'2024-08-17 11:18:28','2024-08-17 11:18:28'),
(50,2,'2024-08-17 11:18:37','2024-08-17 11:18:37'),
(51,2,'2024-08-17 11:18:47','2024-08-17 11:18:47'),
(52,2,'2024-08-17 11:19:28','2024-08-17 11:19:28'),
(53,2,'2024-08-17 11:19:55','2024-08-17 11:19:55'),
(54,2,'2024-08-17 11:20:09','2024-08-17 11:20:09');

/*Table structure for table `history_details` */

DROP TABLE IF EXISTS `history_details`;

CREATE TABLE `history_details` (
  `id` bigint(20) unsigned NOT NULL AUTO_INCREMENT,
  `history_id` bigint(20) unsigned NOT NULL,
  `car_id` bigint(20) unsigned NOT NULL,
  `total_score` decimal(8,2) NOT NULL,
  `ranking` int(11) NOT NULL,
  `created_at` timestamp NULL DEFAULT NULL,
  `updated_at` timestamp NULL DEFAULT NULL,
  PRIMARY KEY (`id`),
  KEY `history_details_history_id_foreign` (`history_id`),
  KEY `history_details_car_id_foreign` (`car_id`),
  CONSTRAINT `history_details_car_id_foreign` FOREIGN KEY (`car_id`) REFERENCES `cars` (`id`) ON DELETE CASCADE ON UPDATE CASCADE,
  CONSTRAINT `history_details_history_id_foreign` FOREIGN KEY (`history_id`) REFERENCES `histories` (`id`) ON DELETE CASCADE ON UPDATE CASCADE
) ENGINE=InnoDB AUTO_INCREMENT=254 DEFAULT CHARSET=utf8mb4 COLLATE=utf8mb4_unicode_ci;

/*Data for the table `history_details` */

insert  into `history_details`(`id`,`history_id`,`car_id`,`total_score`,`ranking`,`created_at`,`updated_at`) values 
(1,1,4,0.83,1,'2024-07-07 10:10:33','2024-07-07 10:10:33'),
(2,1,7,0.65,2,'2024-07-07 10:10:33','2024-07-07 10:10:33'),
(3,1,9,0.65,3,'2024-07-07 10:10:33','2024-07-07 10:10:33'),
(4,1,6,0.62,4,'2024-07-07 10:10:33','2024-07-07 10:10:33'),
(5,1,2,0.47,5,'2024-07-07 10:10:33','2024-07-07 10:10:33'),
(6,1,1,0.47,6,'2024-07-07 10:10:33','2024-07-07 10:10:33'),
(7,1,3,0.47,7,'2024-07-07 10:10:34','2024-07-07 10:10:34'),
(8,1,10,0.44,8,'2024-07-07 10:10:34','2024-07-07 10:10:34'),
(9,1,5,0.36,9,'2024-07-07 10:10:34','2024-07-07 10:10:34'),
(10,1,8,0.24,10,'2024-07-07 10:10:34','2024-07-07 10:10:34'),
(11,2,4,1.00,1,'2024-07-07 10:22:14','2024-07-07 10:22:14'),
(12,3,4,0.80,1,'2024-07-08 07:33:36','2024-07-08 07:33:36'),
(13,3,1,0.50,2,'2024-07-08 07:33:36','2024-07-08 07:33:36'),
(14,3,10,0.46,3,'2024-07-08 07:33:36','2024-07-08 07:33:36'),
(15,3,5,0.34,4,'2024-07-08 07:33:36','2024-07-08 07:33:36'),
(16,3,8,0.23,5,'2024-07-08 07:33:36','2024-07-08 07:33:36'),
(17,4,4,0.80,1,'2024-07-08 15:31:08','2024-07-08 15:31:08'),
(18,4,1,0.50,2,'2024-07-08 15:31:08','2024-07-08 15:31:08'),
(19,4,10,0.46,3,'2024-07-08 15:31:08','2024-07-08 15:31:08'),
(20,4,5,0.34,4,'2024-07-08 15:31:08','2024-07-08 15:31:08'),
(21,4,8,0.23,5,'2024-07-08 15:31:08','2024-07-08 15:31:08'),
(23,5,4,0.71,2,'2024-07-08 15:31:31','2024-07-08 15:31:31'),
(24,5,1,0.50,3,'2024-07-08 15:31:31','2024-07-08 15:31:31'),
(25,5,10,0.46,4,'2024-07-08 15:31:31','2024-07-08 15:31:31'),
(26,5,5,0.34,5,'2024-07-08 15:31:31','2024-07-08 15:31:31'),
(27,5,8,0.23,6,'2024-07-08 15:31:31','2024-07-08 15:31:31'),
(28,6,1,0.85,1,'2024-07-09 01:59:44','2024-07-09 01:59:44'),
(29,6,10,0.80,2,'2024-07-09 01:59:44','2024-07-09 01:59:44'),
(30,6,5,0.65,3,'2024-07-09 01:59:44','2024-07-09 01:59:44'),
(31,6,8,0.55,4,'2024-07-09 01:59:44','2024-07-09 01:59:44'),
(32,7,4,1.00,1,'2024-07-10 08:50:45','2024-07-10 08:50:45'),
(33,8,4,1.00,1,'2024-07-10 08:51:15','2024-07-10 08:51:15'),
(34,8,7,0.65,2,'2024-07-10 08:51:15','2024-07-10 08:51:15'),
(35,8,9,0.65,3,'2024-07-10 08:51:15','2024-07-10 08:51:15'),
(36,9,6,0.80,1,'2024-07-12 01:01:11','2024-07-12 01:01:11'),
(37,9,3,0.70,2,'2024-07-12 01:01:11','2024-07-12 01:01:11'),
(38,9,2,0.65,3,'2024-07-12 01:01:11','2024-07-12 01:01:11'),
(39,10,1,0.85,1,'2024-07-12 07:32:33','2024-07-12 07:32:33'),
(40,10,10,0.80,2,'2024-07-12 07:32:33','2024-07-12 07:32:33'),
(41,10,5,0.65,3,'2024-07-12 07:32:33','2024-07-12 07:32:33'),
(42,10,8,0.55,4,'2024-07-12 07:32:33','2024-07-12 07:32:33'),
(43,11,1,0.85,1,'2024-07-12 07:33:08','2024-07-12 07:33:08'),
(44,11,10,0.80,2,'2024-07-12 07:33:08','2024-07-12 07:33:08'),
(45,11,5,0.65,3,'2024-07-12 07:33:08','2024-07-12 07:33:08'),
(46,11,8,0.55,4,'2024-07-12 07:33:08','2024-07-12 07:33:08'),
(47,12,4,0.80,1,'2024-07-17 13:20:16','2024-07-17 13:20:16'),
(48,12,6,0.60,2,'2024-07-17 13:20:16','2024-07-17 13:20:16'),
(49,12,1,0.47,3,'2024-07-17 13:20:16','2024-07-17 13:20:16'),
(50,12,3,0.47,4,'2024-07-17 13:20:16','2024-07-17 13:20:16'),
(51,12,10,0.43,5,'2024-07-17 13:20:16','2024-07-17 13:20:16'),
(52,12,5,0.33,6,'2024-07-17 13:20:16','2024-07-17 13:20:16'),
(53,12,8,0.22,7,'2024-07-17 13:20:16','2024-07-17 13:20:16'),
(54,13,6,0.80,1,'2024-07-17 13:21:35','2024-07-17 13:21:35'),
(55,13,3,0.70,2,'2024-07-17 13:21:35','2024-07-17 13:21:35'),
(56,13,2,0.65,3,'2024-07-17 13:21:35','2024-07-17 13:21:35'),
(57,13,1,0.46,4,'2024-07-17 13:21:35','2024-07-17 13:21:35'),
(58,14,4,0.80,1,'2024-07-17 13:22:44','2024-07-17 13:22:44'),
(59,14,6,0.60,2,'2024-07-17 13:22:44','2024-07-17 13:22:44'),
(60,14,1,0.47,3,'2024-07-17 13:22:44','2024-07-17 13:22:44'),
(61,14,3,0.47,4,'2024-07-17 13:22:44','2024-07-17 13:22:44'),
(62,14,2,0.45,5,'2024-07-17 13:22:44','2024-07-17 13:22:44'),
(63,14,8,0.22,6,'2024-07-17 13:22:44','2024-07-17 13:22:44'),
(64,15,1,0.85,1,'2024-07-17 13:23:11','2024-07-17 13:23:11'),
(65,15,10,0.80,2,'2024-07-17 13:23:11','2024-07-17 13:23:11'),
(66,15,5,0.65,3,'2024-07-17 13:23:11','2024-07-17 13:23:11'),
(67,15,8,0.55,4,'2024-07-17 13:23:11','2024-07-17 13:23:11'),
(68,16,1,0.85,1,'2024-07-17 13:26:37','2024-07-17 13:26:37'),
(69,16,10,0.80,2,'2024-07-17 13:26:37','2024-07-17 13:26:37'),
(70,16,5,0.65,3,'2024-07-17 13:26:37','2024-07-17 13:26:37'),
(71,16,8,0.55,4,'2024-07-17 13:26:37','2024-07-17 13:26:37'),
(72,17,1,0.85,1,'2024-07-17 13:26:58','2024-07-17 13:26:58'),
(73,17,10,0.80,2,'2024-07-17 13:26:58','2024-07-17 13:26:58'),
(74,17,5,0.65,3,'2024-07-17 13:26:58','2024-07-17 13:26:58'),
(75,17,8,0.55,4,'2024-07-17 13:26:58','2024-07-17 13:26:58'),
(76,18,1,0.85,1,'2024-07-19 02:57:59','2024-07-19 02:57:59'),
(77,18,10,0.80,2,'2024-07-19 02:57:59','2024-07-19 02:57:59'),
(78,18,5,0.65,3,'2024-07-19 02:57:59','2024-07-19 02:57:59'),
(79,18,8,0.55,4,'2024-07-19 02:57:59','2024-07-19 02:57:59'),
(80,19,1,0.85,1,'2024-07-24 03:06:33','2024-07-24 03:06:33'),
(81,19,10,0.80,2,'2024-07-24 03:06:33','2024-07-24 03:06:33'),
(82,19,5,0.65,3,'2024-07-24 03:06:33','2024-07-24 03:06:33'),
(83,19,8,0.55,4,'2024-07-24 03:06:33','2024-07-24 03:06:33'),
(84,20,1,0.85,1,'2024-07-29 11:21:32','2024-07-29 11:21:32'),
(85,20,10,0.80,2,'2024-07-29 11:21:32','2024-07-29 11:21:32'),
(86,20,5,0.65,3,'2024-07-29 11:21:32','2024-07-29 11:21:32'),
(87,20,8,0.55,4,'2024-07-29 11:21:32','2024-07-29 11:21:32'),
(88,22,4,1.00,1,'2024-08-07 04:52:31','2024-08-07 04:52:31'),
(89,23,1,0.85,1,'2024-08-07 04:52:44','2024-08-07 04:52:44'),
(90,23,10,0.80,2,'2024-08-07 04:52:44','2024-08-07 04:52:44'),
(91,23,5,0.65,3,'2024-08-07 04:52:44','2024-08-07 04:52:44'),
(92,23,8,0.55,4,'2024-08-07 04:52:44','2024-08-07 04:52:44'),
(93,24,4,0.80,1,'2024-08-07 04:53:00','2024-08-07 04:53:00'),
(94,24,1,0.50,2,'2024-08-07 04:53:00','2024-08-07 04:53:00'),
(95,24,10,0.46,3,'2024-08-07 04:53:00','2024-08-07 04:53:00'),
(96,24,5,0.34,4,'2024-08-07 04:53:00','2024-08-07 04:53:00'),
(97,24,8,0.23,5,'2024-08-07 04:53:00','2024-08-07 04:53:00'),
(98,25,1,0.85,1,'2024-08-07 11:28:31','2024-08-07 11:28:31'),
(99,25,10,0.80,2,'2024-08-07 11:28:31','2024-08-07 11:28:31'),
(100,25,5,0.65,3,'2024-08-07 11:28:31','2024-08-07 11:28:31'),
(101,25,8,0.55,4,'2024-08-07 11:28:31','2024-08-07 11:28:31'),
(102,29,3,0.70,1,'2024-08-17 10:38:57','2024-08-17 10:38:57'),
(103,29,6,0.65,2,'2024-08-17 10:38:57','2024-08-17 10:38:57'),
(104,29,2,0.50,3,'2024-08-17 10:38:57','2024-08-17 10:38:57'),
(105,30,3,0.70,1,'2024-08-17 10:39:44','2024-08-17 10:39:44'),
(106,30,6,0.65,2,'2024-08-17 10:39:44','2024-08-17 10:39:44'),
(107,30,2,0.50,3,'2024-08-17 10:39:44','2024-08-17 10:39:44'),
(108,34,4,0.65,1,'2024-08-17 10:42:23','2024-08-17 10:42:23'),
(109,34,6,0.58,2,'2024-08-17 10:42:23','2024-08-17 10:42:23'),
(110,34,3,0.57,3,'2024-08-17 10:42:23','2024-08-17 10:42:23'),
(111,34,8,0.27,4,'2024-08-17 10:42:23','2024-08-17 10:42:23'),
(112,35,4,1.00,1,'2024-08-17 11:07:47','2024-08-17 11:07:47'),
(113,35,7,0.50,2,'2024-08-17 11:07:47','2024-08-17 11:07:47'),
(114,35,9,0.50,3,'2024-08-17 11:07:47','2024-08-17 11:07:47'),
(115,36,4,1.00,1,'2024-08-17 11:08:16','2024-08-17 11:08:16'),
(116,36,7,0.50,2,'2024-08-17 11:08:16','2024-08-17 11:08:16'),
(117,36,9,0.50,3,'2024-08-17 11:08:16','2024-08-17 11:08:16'),
(118,37,4,0.70,1,'2024-08-17 11:08:26','2024-08-17 11:08:26'),
(119,37,6,0.62,2,'2024-08-17 11:08:26','2024-08-17 11:08:26'),
(120,37,1,0.60,3,'2024-08-17 11:08:26','2024-08-17 11:08:26'),
(121,37,3,0.57,4,'2024-08-17 11:08:26','2024-08-17 11:08:26'),
(122,37,10,0.55,5,'2024-08-17 11:08:26','2024-08-17 11:08:26'),
(123,37,7,0.50,6,'2024-08-17 11:08:26','2024-08-17 11:08:26'),
(124,37,9,0.50,7,'2024-08-17 11:08:26','2024-08-17 11:08:26'),
(125,37,2,0.47,8,'2024-08-17 11:08:26','2024-08-17 11:08:26'),
(126,37,5,0.40,9,'2024-08-17 11:08:26','2024-08-17 11:08:26'),
(127,37,8,0.30,10,'2024-08-17 11:08:26','2024-08-17 11:08:26'),
(128,38,4,0.70,1,'2024-08-17 11:10:12','2024-08-17 11:10:12'),
(129,38,6,0.62,2,'2024-08-17 11:10:12','2024-08-17 11:10:12'),
(130,38,1,0.60,3,'2024-08-17 11:10:12','2024-08-17 11:10:12'),
(131,38,3,0.57,4,'2024-08-17 11:10:12','2024-08-17 11:10:12'),
(132,38,10,0.55,5,'2024-08-17 11:10:12','2024-08-17 11:10:12'),
(133,38,7,0.50,6,'2024-08-17 11:10:12','2024-08-17 11:10:12'),
(134,38,9,0.50,7,'2024-08-17 11:10:12','2024-08-17 11:10:12'),
(135,38,2,0.47,8,'2024-08-17 11:10:12','2024-08-17 11:10:12'),
(136,38,5,0.40,9,'2024-08-17 11:10:12','2024-08-17 11:10:12'),
(137,38,8,0.30,10,'2024-08-17 11:10:12','2024-08-17 11:10:12'),
(138,39,4,0.70,1,'2024-08-17 11:12:12','2024-08-17 11:12:12'),
(139,39,6,0.62,2,'2024-08-17 11:12:12','2024-08-17 11:12:12'),
(140,39,1,0.60,3,'2024-08-17 11:12:12','2024-08-17 11:12:12'),
(141,39,3,0.57,4,'2024-08-17 11:12:12','2024-08-17 11:12:12'),
(142,39,10,0.55,5,'2024-08-17 11:12:12','2024-08-17 11:12:12'),
(143,39,7,0.50,6,'2024-08-17 11:12:12','2024-08-17 11:12:12'),
(144,39,9,0.50,7,'2024-08-17 11:12:12','2024-08-17 11:12:12'),
(145,39,2,0.47,8,'2024-08-17 11:12:13','2024-08-17 11:12:13'),
(146,39,5,0.40,9,'2024-08-17 11:12:13','2024-08-17 11:12:13'),
(147,39,8,0.30,10,'2024-08-17 11:12:13','2024-08-17 11:12:13'),
(148,40,4,0.70,1,'2024-08-17 11:12:21','2024-08-17 11:12:21'),
(149,40,6,0.62,2,'2024-08-17 11:12:21','2024-08-17 11:12:21'),
(150,40,1,0.60,3,'2024-08-17 11:12:21','2024-08-17 11:12:21'),
(151,40,3,0.57,4,'2024-08-17 11:12:21','2024-08-17 11:12:21'),
(152,40,10,0.55,5,'2024-08-17 11:12:21','2024-08-17 11:12:21'),
(153,40,7,0.50,6,'2024-08-17 11:12:21','2024-08-17 11:12:21'),
(154,40,9,0.50,7,'2024-08-17 11:12:21','2024-08-17 11:12:21'),
(155,40,2,0.47,8,'2024-08-17 11:12:21','2024-08-17 11:12:21'),
(156,40,5,0.40,9,'2024-08-17 11:12:21','2024-08-17 11:12:21'),
(157,40,8,0.30,10,'2024-08-17 11:12:21','2024-08-17 11:12:21'),
(158,41,3,0.80,1,'2024-08-17 11:13:37','2024-08-17 11:13:37'),
(159,41,8,0.60,2,'2024-08-17 11:13:37','2024-08-17 11:13:37'),
(160,41,1,0.50,3,'2024-08-17 11:13:37','2024-08-17 11:13:37'),
(161,41,4,0.50,4,'2024-08-17 11:13:37','2024-08-17 11:13:37'),
(162,41,10,0.45,5,'2024-08-17 11:13:37','2024-08-17 11:13:37'),
(163,41,6,0.45,6,'2024-08-17 11:13:37','2024-08-17 11:13:37'),
(164,41,2,0.30,7,'2024-08-17 11:13:37','2024-08-17 11:13:37'),
(165,41,5,0.30,8,'2024-08-17 11:13:37','2024-08-17 11:13:37'),
(166,41,7,0.00,9,'2024-08-17 11:13:37','2024-08-17 11:13:37'),
(167,41,9,0.00,10,'2024-08-17 11:13:37','2024-08-17 11:13:37'),
(168,42,3,0.80,1,'2024-08-17 11:13:47','2024-08-17 11:13:47'),
(169,42,8,0.60,2,'2024-08-17 11:13:47','2024-08-17 11:13:47'),
(170,42,1,0.50,3,'2024-08-17 11:13:47','2024-08-17 11:13:47'),
(171,42,4,0.50,4,'2024-08-17 11:13:47','2024-08-17 11:13:47'),
(172,42,10,0.45,5,'2024-08-17 11:13:47','2024-08-17 11:13:47'),
(173,42,6,0.45,6,'2024-08-17 11:13:47','2024-08-17 11:13:47'),
(174,42,2,0.30,7,'2024-08-17 11:13:47','2024-08-17 11:13:47'),
(175,42,5,0.30,8,'2024-08-17 11:13:47','2024-08-17 11:13:47'),
(176,42,7,0.00,9,'2024-08-17 11:13:47','2024-08-17 11:13:47'),
(177,42,9,0.00,10,'2024-08-17 11:13:47','2024-08-17 11:13:47'),
(178,43,3,0.80,1,'2024-08-17 11:13:56','2024-08-17 11:13:56'),
(179,43,8,0.60,2,'2024-08-17 11:13:56','2024-08-17 11:13:56'),
(180,43,1,0.50,3,'2024-08-17 11:13:56','2024-08-17 11:13:56'),
(181,43,4,0.50,4,'2024-08-17 11:13:56','2024-08-17 11:13:56'),
(182,43,10,0.45,5,'2024-08-17 11:13:56','2024-08-17 11:13:56'),
(183,43,6,0.45,6,'2024-08-17 11:13:56','2024-08-17 11:13:56'),
(184,43,2,0.30,7,'2024-08-17 11:13:56','2024-08-17 11:13:56'),
(185,43,5,0.30,8,'2024-08-17 11:13:56','2024-08-17 11:13:56'),
(186,43,7,0.00,9,'2024-08-17 11:13:56','2024-08-17 11:13:56'),
(187,43,9,0.00,10,'2024-08-17 11:13:56','2024-08-17 11:13:56'),
(188,44,4,0.70,1,'2024-08-17 11:14:19','2024-08-17 11:14:19'),
(189,44,6,0.62,2,'2024-08-17 11:14:19','2024-08-17 11:14:19'),
(190,44,1,0.60,3,'2024-08-17 11:14:19','2024-08-17 11:14:19'),
(191,44,3,0.57,4,'2024-08-17 11:14:20','2024-08-17 11:14:20'),
(192,44,10,0.55,5,'2024-08-17 11:14:20','2024-08-17 11:14:20'),
(193,44,7,0.50,6,'2024-08-17 11:14:20','2024-08-17 11:14:20'),
(194,44,9,0.50,7,'2024-08-17 11:14:20','2024-08-17 11:14:20'),
(195,44,2,0.47,8,'2024-08-17 11:14:20','2024-08-17 11:14:20'),
(196,44,5,0.40,9,'2024-08-17 11:14:20','2024-08-17 11:14:20'),
(197,44,8,0.30,10,'2024-08-17 11:14:20','2024-08-17 11:14:20'),
(198,45,4,0.70,1,'2024-08-17 11:16:54','2024-08-17 11:16:54'),
(199,45,6,0.62,2,'2024-08-17 11:16:54','2024-08-17 11:16:54'),
(200,45,1,0.60,3,'2024-08-17 11:16:54','2024-08-17 11:16:54'),
(201,45,3,0.57,4,'2024-08-17 11:16:54','2024-08-17 11:16:54'),
(202,45,10,0.55,5,'2024-08-17 11:16:54','2024-08-17 11:16:54'),
(203,45,7,0.50,6,'2024-08-17 11:16:54','2024-08-17 11:16:54'),
(204,45,9,0.50,7,'2024-08-17 11:16:54','2024-08-17 11:16:54'),
(205,45,2,0.47,8,'2024-08-17 11:16:54','2024-08-17 11:16:54'),
(206,45,5,0.40,9,'2024-08-17 11:16:54','2024-08-17 11:16:54'),
(207,45,8,0.30,10,'2024-08-17 11:16:54','2024-08-17 11:16:54'),
(208,46,4,0.70,1,'2024-08-17 11:17:15','2024-08-17 11:17:15'),
(209,46,6,0.62,2,'2024-08-17 11:17:15','2024-08-17 11:17:15'),
(210,46,1,0.60,3,'2024-08-17 11:17:15','2024-08-17 11:17:15'),
(211,46,3,0.57,4,'2024-08-17 11:17:15','2024-08-17 11:17:15'),
(212,46,10,0.55,5,'2024-08-17 11:17:15','2024-08-17 11:17:15'),
(213,46,7,0.50,6,'2024-08-17 11:17:15','2024-08-17 11:17:15'),
(214,46,9,0.50,7,'2024-08-17 11:17:15','2024-08-17 11:17:15'),
(215,46,2,0.47,8,'2024-08-17 11:17:15','2024-08-17 11:17:15'),
(216,46,5,0.40,9,'2024-08-17 11:17:15','2024-08-17 11:17:15'),
(217,46,8,0.30,10,'2024-08-17 11:17:15','2024-08-17 11:17:15'),
(218,47,4,0.70,1,'2024-08-17 11:17:41','2024-08-17 11:17:41'),
(219,47,6,0.62,2,'2024-08-17 11:17:41','2024-08-17 11:17:41'),
(220,47,1,0.60,3,'2024-08-17 11:17:41','2024-08-17 11:17:41'),
(221,47,3,0.57,4,'2024-08-17 11:17:41','2024-08-17 11:17:41'),
(222,47,10,0.55,5,'2024-08-17 11:17:41','2024-08-17 11:17:41'),
(223,47,7,0.50,6,'2024-08-17 11:17:41','2024-08-17 11:17:41'),
(224,47,9,0.50,7,'2024-08-17 11:17:41','2024-08-17 11:17:41'),
(225,47,2,0.47,8,'2024-08-17 11:17:41','2024-08-17 11:17:41'),
(226,47,5,0.40,9,'2024-08-17 11:17:41','2024-08-17 11:17:41'),
(227,47,8,0.30,10,'2024-08-17 11:17:41','2024-08-17 11:17:41'),
(228,48,4,0.70,1,'2024-08-17 11:17:51','2024-08-17 11:17:51'),
(229,48,6,0.62,2,'2024-08-17 11:17:51','2024-08-17 11:17:51'),
(230,48,1,0.60,3,'2024-08-17 11:17:51','2024-08-17 11:17:51'),
(231,48,3,0.57,4,'2024-08-17 11:17:51','2024-08-17 11:17:51'),
(232,48,10,0.55,5,'2024-08-17 11:17:51','2024-08-17 11:17:51'),
(233,48,7,0.50,6,'2024-08-17 11:17:51','2024-08-17 11:17:51'),
(234,48,9,0.50,7,'2024-08-17 11:17:51','2024-08-17 11:17:51'),
(235,48,2,0.47,8,'2024-08-17 11:17:51','2024-08-17 11:17:51'),
(236,48,5,0.40,9,'2024-08-17 11:17:51','2024-08-17 11:17:51'),
(237,48,8,0.30,10,'2024-08-17 11:17:51','2024-08-17 11:17:51'),
(238,49,4,1.00,1,'2024-08-17 11:18:28','2024-08-17 11:18:28'),
(239,49,7,0.50,2,'2024-08-17 11:18:28','2024-08-17 11:18:28'),
(240,49,9,0.50,3,'2024-08-17 11:18:28','2024-08-17 11:18:28'),
(241,50,4,0.71,1,'2024-08-17 11:18:37','2024-08-17 11:18:37'),
(242,50,1,0.65,2,'2024-08-17 11:18:37','2024-08-17 11:18:37'),
(243,50,6,0.63,3,'2024-08-17 11:18:37','2024-08-17 11:18:37'),
(244,50,10,0.59,4,'2024-08-17 11:18:37','2024-08-17 11:18:37'),
(245,50,7,0.50,5,'2024-08-17 11:18:37','2024-08-17 11:18:37'),
(246,50,9,0.50,6,'2024-08-17 11:18:37','2024-08-17 11:18:37'),
(247,50,2,0.48,7,'2024-08-17 11:18:37','2024-08-17 11:18:37'),
(248,50,5,0.42,8,'2024-08-17 11:18:37','2024-08-17 11:18:37'),
(249,53,4,1.00,1,'2024-08-17 11:19:55','2024-08-17 11:19:55'),
(250,54,4,0.65,1,'2024-08-17 11:20:09','2024-08-17 11:20:09'),
(251,54,6,0.58,2,'2024-08-17 11:20:09','2024-08-17 11:20:09'),
(252,54,3,0.57,3,'2024-08-17 11:20:09','2024-08-17 11:20:09'),
(253,54,8,0.27,4,'2024-08-17 11:20:09','2024-08-17 11:20:09');

/*Table structure for table `interval_criterias` */

DROP TABLE IF EXISTS `interval_criterias`;

CREATE TABLE `interval_criterias` (
  `id` bigint(20) unsigned NOT NULL AUTO_INCREMENT,
  `criteria_id` bigint(20) unsigned NOT NULL,
  `range` varchar(255) NOT NULL,
  `value` int(11) NOT NULL,
  `created_at` timestamp NULL DEFAULT NULL,
  `updated_at` timestamp NULL DEFAULT NULL,
  PRIMARY KEY (`id`),
  KEY `interval_criterias_criteria_id_foreign` (`criteria_id`),
  CONSTRAINT `interval_criterias_criteria_id_foreign` FOREIGN KEY (`criteria_id`) REFERENCES `criterias` (`id`) ON DELETE CASCADE ON UPDATE CASCADE
) ENGINE=InnoDB AUTO_INCREMENT=25 DEFAULT CHARSET=utf8mb4 COLLATE=utf8mb4_unicode_ci;

/*Data for the table `interval_criterias` */

insert  into `interval_criterias`(`id`,`criteria_id`,`range`,`value`,`created_at`,`updated_at`) values 
(1,1,'> 500000000',1,NULL,NULL),
(2,1,'390000000 - 500000000',2,NULL,NULL),
(3,1,'280000000 - 390000000',3,NULL,NULL),
(4,1,'180000000 - 280000000',4,NULL,NULL),
(5,2,'8 - 9',1,NULL,NULL),
(6,2,'7 - 8',2,NULL,NULL),
(7,2,'4 - 5',3,NULL,NULL),
(8,2,'2 - 3',4,NULL,NULL),
(13,4,'1198',8,NULL,NULL),
(14,4,'1199',7,NULL,NULL),
(15,4,'1200',6,NULL,NULL),
(16,4,'1408',5,NULL,NULL),
(17,4,'1496',4,NULL,NULL),
(18,4,'1498',3,NULL,NULL),
(19,4,'1500',2,NULL,NULL),
(20,4,'1993',1,NULL,NULL),
(22,6,'Putih',1,'2024-08-17 10:12:29','2024-08-17 10:12:29'),
(23,6,'Hitam',2,'2024-08-17 10:12:39','2024-08-17 10:12:39'),
(24,6,'Biru',3,'2024-08-17 10:12:49','2024-08-17 10:12:49');

/*Table structure for table `model_has_permissions` */

DROP TABLE IF EXISTS `model_has_permissions`;

CREATE TABLE `model_has_permissions` (
  `permission_id` bigint(20) unsigned NOT NULL,
  `model_type` varchar(255) NOT NULL,
  `model_id` bigint(20) unsigned NOT NULL,
  PRIMARY KEY (`permission_id`,`model_id`,`model_type`),
  KEY `model_has_permissions_model_id_model_type_index` (`model_id`,`model_type`),
  CONSTRAINT `model_has_permissions_permission_id_foreign` FOREIGN KEY (`permission_id`) REFERENCES `permissions` (`id`) ON DELETE CASCADE
) ENGINE=InnoDB DEFAULT CHARSET=utf8mb4 COLLATE=utf8mb4_unicode_ci;

/*Data for the table `model_has_permissions` */

/*Table structure for table `model_has_roles` */

DROP TABLE IF EXISTS `model_has_roles`;

CREATE TABLE `model_has_roles` (
  `role_id` bigint(20) unsigned NOT NULL,
  `model_type` varchar(255) NOT NULL,
  `model_id` bigint(20) unsigned NOT NULL,
  PRIMARY KEY (`role_id`,`model_id`,`model_type`),
  KEY `model_has_roles_model_id_model_type_index` (`model_id`,`model_type`),
  CONSTRAINT `model_has_roles_role_id_foreign` FOREIGN KEY (`role_id`) REFERENCES `roles` (`id`) ON DELETE CASCADE
) ENGINE=InnoDB DEFAULT CHARSET=utf8mb4 COLLATE=utf8mb4_unicode_ci;

/*Data for the table `model_has_roles` */

insert  into `model_has_roles`(`role_id`,`model_type`,`model_id`) values 
(1,'App\\Models\\User',1),
(2,'App\\Models\\User',2),
(2,'App\\Models\\User',4),
(2,'App\\Models\\User',5),
(3,'App\\Models\\User',3);

/*Table structure for table `password_resets` */

DROP TABLE IF EXISTS `password_resets`;

CREATE TABLE `password_resets` (
  `email` varchar(255) NOT NULL,
  `token` varchar(255) NOT NULL,
  `created_at` timestamp NULL DEFAULT NULL,
  KEY `password_resets_email_index` (`email`)
) ENGINE=InnoDB DEFAULT CHARSET=utf8mb4 COLLATE=utf8mb4_unicode_ci;

/*Data for the table `password_resets` */

/*Table structure for table `permissions` */

DROP TABLE IF EXISTS `permissions`;

CREATE TABLE `permissions` (
  `id` bigint(20) unsigned NOT NULL AUTO_INCREMENT,
  `name` varchar(255) NOT NULL,
  `guard_name` varchar(255) NOT NULL,
  `created_at` timestamp NULL DEFAULT NULL,
  `updated_at` timestamp NULL DEFAULT NULL,
  PRIMARY KEY (`id`),
  UNIQUE KEY `permissions_name_guard_name_unique` (`name`,`guard_name`)
) ENGINE=InnoDB AUTO_INCREMENT=86 DEFAULT CHARSET=utf8mb4 COLLATE=utf8mb4_unicode_ci;

/*Data for the table `permissions` */

insert  into `permissions`(`id`,`name`,`guard_name`,`created_at`,`updated_at`) values 
(1,'dashboard','web','2024-07-07 09:57:50','2024-07-07 09:57:50'),
(2,'login','web','2024-07-07 09:57:50','2024-07-07 09:57:50'),
(3,'profile.index','web','2024-07-07 09:57:50','2024-07-07 09:57:50'),
(4,'profile.update','web','2024-07-07 09:57:50','2024-07-07 09:57:50'),
(5,'logout','web','2024-07-07 09:57:50','2024-07-07 09:57:50'),
(6,'password.request','web','2024-07-07 09:57:50','2024-07-07 09:57:50'),
(7,'password.email','web','2024-07-07 09:57:50','2024-07-07 09:57:50'),
(8,'password.reset','web','2024-07-07 09:57:50','2024-07-07 09:57:50'),
(9,'password.update','web','2024-07-07 09:57:50','2024-07-07 09:57:50'),
(10,'password.confirm','web','2024-07-07 09:57:50','2024-07-07 09:57:50'),
(11,'list-cars.index','web','2024-07-07 09:57:50','2024-07-07 09:57:50'),
(12,'list-cars.create','web','2024-07-07 09:57:50','2024-07-07 09:57:50'),
(13,'list-cars.store','web','2024-07-07 09:57:50','2024-07-07 09:57:50'),
(14,'list-cars.show','web','2024-07-07 09:57:50','2024-07-07 09:57:50'),
(15,'list-cars.edit','web','2024-07-07 09:57:50','2024-07-07 09:57:50'),
(16,'list-cars.update','web','2024-07-07 09:57:50','2024-07-07 09:57:50'),
(17,'list-cars.destroy','web','2024-07-07 09:57:50','2024-07-07 09:57:50'),
(18,'recomendation.index','web','2024-07-07 09:57:50','2024-07-07 09:57:50'),
(19,'recomendation.create','web','2024-07-07 09:57:50','2024-07-07 09:57:50'),
(20,'recomendation.store','web','2024-07-07 09:57:50','2024-07-07 09:57:50'),
(21,'recomendation.show','web','2024-07-07 09:57:50','2024-07-07 09:57:50'),
(22,'recomendation.edit','web','2024-07-07 09:57:50','2024-07-07 09:57:50'),
(23,'recomendation.update','web','2024-07-07 09:57:50','2024-07-07 09:57:50'),
(24,'recomendation.destroy','web','2024-07-07 09:57:50','2024-07-07 09:57:50'),
(25,'recomendation.calculate','web','2024-07-07 09:57:50','2024-07-07 09:57:50'),
(26,'hasil-akhir.index','web','2024-07-07 09:57:50','2024-07-07 09:57:50'),
(27,'hasil-akhir.create','web','2024-07-07 09:57:50','2024-07-07 09:57:50'),
(28,'hasil-akhir.store','web','2024-07-07 09:57:50','2024-07-07 09:57:50'),
(29,'hasil-akhir.show','web','2024-07-07 09:57:50','2024-07-07 09:57:50'),
(30,'hasil-akhir.edit','web','2024-07-07 09:57:50','2024-07-07 09:57:50'),
(31,'hasil-akhir.update','web','2024-07-07 09:57:50','2024-07-07 09:57:50'),
(32,'hasil-akhir.destroy','web','2024-07-07 09:57:50','2024-07-07 09:57:50'),
(33,'hasil-akhir.download','web','2024-07-07 09:57:50','2024-07-07 09:57:50'),
(34,'history.index','web','2024-07-07 09:57:50','2024-07-07 09:57:50'),
(35,'history.download','web','2024-07-07 09:57:50','2024-07-07 09:57:50'),
(36,'evaluation.index','web','2024-07-07 09:57:50','2024-07-07 09:57:50'),
(37,'evaluation.create','web','2024-07-07 09:57:50','2024-07-07 09:57:50'),
(38,'evaluation.store','web','2024-07-07 09:57:50','2024-07-07 09:57:50'),
(39,'evaluation.show','web','2024-07-07 09:57:50','2024-07-07 09:57:50'),
(40,'evaluation.edit','web','2024-07-07 09:57:50','2024-07-07 09:57:50'),
(41,'evaluation.update','web','2024-07-07 09:57:50','2024-07-07 09:57:50'),
(42,'evaluation.destroy','web','2024-07-07 09:57:50','2024-07-07 09:57:50'),
(43,'subcriteria.update','web','2024-07-07 09:57:50','2024-07-07 09:57:50'),
(44,'subcriteria.destroy','web','2024-07-07 09:57:50','2024-07-07 09:57:50'),
(45,'subcriteria.create','web','2024-07-07 09:57:50','2024-07-07 09:57:50'),
(46,'subcriteria.store','web','2024-07-07 09:57:50','2024-07-07 09:57:50'),
(47,'subcriteria.index','web','2024-07-07 09:57:50','2024-07-07 09:57:50'),
(48,'subcriteria.show','web','2024-07-07 09:57:50','2024-07-07 09:57:50'),
(49,'subcriteria.edit','web','2024-07-07 09:57:50','2024-07-07 09:57:50'),
(50,'criteria.update','web','2024-07-07 09:57:50','2024-07-07 09:57:50'),
(51,'criteria.edit','web','2024-07-07 09:57:50','2024-07-07 09:57:50'),
(52,'criteria.show','web','2024-07-07 09:57:50','2024-07-07 09:57:50'),
(53,'criteria.destroy','web','2024-07-07 09:57:50','2024-07-07 09:57:50'),
(54,'criteria.create','web','2024-07-07 09:57:50','2024-07-07 09:57:50'),
(55,'criteria.store','web','2024-07-07 09:57:50','2024-07-07 09:57:50'),
(56,'criteria.index','web','2024-07-07 09:57:50','2024-07-07 09:57:50'),
(57,'cars.destroy','web','2024-07-07 09:57:50','2024-07-07 09:57:50'),
(58,'cars.create','web','2024-07-07 09:57:50','2024-07-07 09:57:50'),
(59,'cars.store','web','2024-07-07 09:57:50','2024-07-07 09:57:50'),
(60,'cars.index','web','2024-07-07 09:57:50','2024-07-07 09:57:50'),
(61,'cars.show','web','2024-07-07 09:57:50','2024-07-07 09:57:50'),
(62,'cars.edit','web','2024-07-07 09:57:50','2024-07-07 09:57:50'),
(63,'cars.update','web','2024-07-07 09:57:50','2024-07-07 09:57:50'),
(64,'users.index','web','2024-07-07 09:57:50','2024-07-07 09:57:50'),
(65,'users.create','web','2024-07-07 09:57:50','2024-07-07 09:57:50'),
(66,'users.store','web','2024-07-07 09:57:50','2024-07-07 09:57:50'),
(67,'users.show','web','2024-07-07 09:57:50','2024-07-07 09:57:50'),
(68,'users.edit','web','2024-07-07 09:57:50','2024-07-07 09:57:50'),
(69,'users.update','web','2024-07-07 09:57:50','2024-07-07 09:57:50'),
(70,'users.destroy','web','2024-07-07 09:57:50','2024-07-07 09:57:50'),
(71,'users.roles.index','web','2024-07-07 09:57:50','2024-07-07 09:57:50'),
(72,'users.roles.create','web','2024-07-07 09:57:50','2024-07-07 09:57:50'),
(73,'users.roles.store','web','2024-07-07 09:57:50','2024-07-07 09:57:50'),
(74,'users.roles.show','web','2024-07-07 09:57:50','2024-07-07 09:57:50'),
(75,'users.roles.edit','web','2024-07-07 09:57:50','2024-07-07 09:57:50'),
(76,'users.roles.update','web','2024-07-07 09:57:50','2024-07-07 09:57:50'),
(77,'users.roles.destroy','web','2024-07-07 09:57:50','2024-07-07 09:57:50'),
(78,'users.permissions.index','web','2024-07-07 09:57:50','2024-07-07 09:57:50'),
(79,'users.permissions.create','web','2024-07-07 09:57:50','2024-07-07 09:57:50'),
(80,'users.permissions.store','web','2024-07-07 09:57:50','2024-07-07 09:57:50'),
(81,'users.permissions.show','web','2024-07-07 09:57:50','2024-07-07 09:57:50'),
(82,'users.permissions.edit','web','2024-07-07 09:57:50','2024-07-07 09:57:50'),
(83,'users.permissions.update','web','2024-07-07 09:57:50','2024-07-07 09:57:50'),
(84,'users.permissions.destroy','web','2024-07-07 09:57:50','2024-07-07 09:57:50'),
(85,'dashboard.getDataChart','web','2024-08-17 10:24:06','2024-08-17 10:24:06');

/*Table structure for table `role_has_permissions` */

DROP TABLE IF EXISTS `role_has_permissions`;

CREATE TABLE `role_has_permissions` (
  `permission_id` bigint(20) unsigned NOT NULL,
  `role_id` bigint(20) unsigned NOT NULL,
  PRIMARY KEY (`permission_id`,`role_id`),
  KEY `role_has_permissions_role_id_foreign` (`role_id`),
  CONSTRAINT `role_has_permissions_permission_id_foreign` FOREIGN KEY (`permission_id`) REFERENCES `permissions` (`id`) ON DELETE CASCADE,
  CONSTRAINT `role_has_permissions_role_id_foreign` FOREIGN KEY (`role_id`) REFERENCES `roles` (`id`) ON DELETE CASCADE
) ENGINE=InnoDB DEFAULT CHARSET=utf8mb4 COLLATE=utf8mb4_unicode_ci;

/*Data for the table `role_has_permissions` */

insert  into `role_has_permissions`(`permission_id`,`role_id`) values 
(1,1),
(1,2),
(1,3),
(2,2),
(3,2),
(4,2),
(5,2),
(6,2),
(7,2),
(8,2),
(9,2),
(10,2),
(11,2),
(11,3),
(12,2),
(13,2),
(14,2),
(15,2),
(16,2),
(17,2),
(18,2),
(19,2),
(20,2),
(21,2),
(22,2),
(23,2),
(24,2),
(25,2),
(26,2),
(27,2),
(28,2),
(29,2),
(30,2),
(31,2),
(32,2),
(33,2),
(34,1),
(34,3),
(35,1),
(35,3),
(36,1),
(36,3),
(37,1),
(38,1),
(39,1),
(40,1),
(41,1),
(42,1),
(43,1),
(44,1),
(45,1),
(46,1),
(47,1),
(48,1),
(49,1),
(50,1),
(51,1),
(52,1),
(53,1),
(54,1),
(55,1),
(56,1),
(57,1),
(58,1),
(59,1),
(60,1),
(61,1),
(62,1),
(63,1),
(64,1),
(65,1),
(66,1),
(67,1),
(68,1),
(69,1),
(70,1),
(71,1),
(72,1),
(73,1),
(74,1),
(75,1),
(76,1),
(77,1),
(78,1),
(79,1),
(80,1),
(81,1),
(82,1),
(83,1),
(84,1),
(85,1),
(85,2),
(85,3);

/*Table structure for table `roles` */

DROP TABLE IF EXISTS `roles`;

CREATE TABLE `roles` (
  `id` bigint(20) unsigned NOT NULL AUTO_INCREMENT,
  `name` varchar(255) NOT NULL,
  `guard_name` varchar(255) NOT NULL,
  `created_at` timestamp NULL DEFAULT NULL,
  `updated_at` timestamp NULL DEFAULT NULL,
  PRIMARY KEY (`id`),
  UNIQUE KEY `roles_name_guard_name_unique` (`name`,`guard_name`)
) ENGINE=InnoDB AUTO_INCREMENT=4 DEFAULT CHARSET=utf8mb4 COLLATE=utf8mb4_unicode_ci;

/*Data for the table `roles` */

insert  into `roles`(`id`,`name`,`guard_name`,`created_at`,`updated_at`) values 
(1,'administrator','web','2024-07-07 09:57:50','2024-07-07 09:57:50'),
(2,'user','web','2024-07-07 09:57:50','2024-07-07 09:57:50'),
(3,'manager','web','2024-07-07 09:57:50','2024-07-07 09:57:50');

/*Table structure for table `users` */

DROP TABLE IF EXISTS `users`;

CREATE TABLE `users` (
  `id` bigint(20) unsigned NOT NULL AUTO_INCREMENT,
  `name` varchar(255) NOT NULL,
  `email` varchar(255) NOT NULL,
  `email_verified_at` timestamp NULL DEFAULT NULL,
  `password` varchar(255) NOT NULL,
  `remember_token` varchar(100) DEFAULT NULL,
  `created_at` timestamp NULL DEFAULT NULL,
  `updated_at` timestamp NULL DEFAULT NULL,
  PRIMARY KEY (`id`),
  UNIQUE KEY `users_email_unique` (`email`)
) ENGINE=InnoDB AUTO_INCREMENT=6 DEFAULT CHARSET=utf8mb4 COLLATE=utf8mb4_unicode_ci;

/*Data for the table `users` */

insert  into `users`(`id`,`name`,`email`,`email_verified_at`,`password`,`remember_token`,`created_at`,`updated_at`) values 
(1,'Administrator','administrator@gmail.com',NULL,'$2y$10$WVhsF5GS8GBrpzsdUas2rebJWzwoG/CB.FcdbhFEXNXWKWRz4G0UW',NULL,'2024-07-07 09:57:50','2024-07-07 09:57:50'),
(2,'Firman','user@gmail.com',NULL,'$2y$10$7fOlCkFd5j6aXtqy9TtTZeq.y3k0LvB6OEnK8lC3ZgVTu8V9.V/c6',NULL,'2024-07-07 09:57:50','2024-07-07 16:24:08'),
(3,'Manager','manager@gmail.com',NULL,'$2y$10$O1JogSl/Gz6GHzpnPr1rXudKADazjYhK/31CUzVyRzu74Tfx/.Gtm',NULL,'2024-07-07 09:57:50','2024-07-07 09:57:50'),
(4,'Aaal','alumam@gmail.com',NULL,'$2y$10$eEFMSyhw.BK5eXDJx.xz6OImxKCOAoR5koG9J6C7/A8wT0t8cHBii',NULL,'2024-07-08 02:31:06','2024-07-10 13:17:09'),
(5,'Faiz','mfaizz@gmail.com',NULL,'$2y$10$U36HclMeWUatY7Y9MBLYSuoSVHLadqtSbd9VO2oeqLiOTJpovQ8gi',NULL,'2024-07-24 03:06:04','2024-07-24 03:15:52');

/*!40101 SET SQL_MODE=@OLD_SQL_MODE */;
/*!40014 SET UNIQUE_CHECKS=@OLD_UNIQUE_CHECKS */;
/*!40111 SET SQL_NOTES=@OLD_SQL_NOTES */;
